{"cameraMode":{"drawMode":0,"name":"Shaded","section":"Shading Mode"},"sceneLighting":false,"audioPlay":false,"sceneViewState":{"m_AlwaysRefresh":false,"showFog":true,"showSkybox":false,"showFlares":true,"showImageEffects":true,"showParticleSystems":true,"showVisualEffectGraphs":true,"m_FxEnabled":true},"in2DMode":false,"pivot":{"x":0.09590668976306915,"y":0.13904044032096864,"z":0.9468309879302979},"rotation":{"x":0.07881515473127365,"y":-0.0014958418905735016,"z":0.00011892399925272912,"w":0.9968986511230469},"size":1.4178898334503174,"orthographic":false}