{"cameraMode":{"drawMode":0,"name":"Shaded","section":"Shading Mode"},"sceneLighting":false,"audioPlay":false,"sceneViewState":{"m_AlwaysRefresh":false,"showFog":true,"showSkybox":false,"showFlares":true,"showImageEffects":true,"showParticleSystems":true,"showVisualEffectGraphs":true,"m_FxEnabled":true},"in2DMode":false,"pivot":{"x":1.1688787937164307,"y":0.40724682807922366,"z":-0.06112299859523773},"rotation":{"x":0.07843393832445145,"y":-0.35382866859436037,"z":0.029791735112667085,"w":0.9315404295921326},"size":1.6076985597610474,"orthographic":true}